"الرقم","الكلمة","السورة والآية","المعنى (عربي)","الكلمة (Svenska)","الآية كاملة","ترجمة الآية (Svenska)"
1,"يَتَسَاءَلُونَ","النبأ (1)","يسأل بعضهم بعضاً","Frågar varandra","عَمَّ يَتَسَاءَلُونَ","Vad är det de frågar varandra om"
2,"النَّبَأِ","النبأ (2)","الخبر العظيم","Den stora nyheten","عَنِ النَّبَأِ الْعَظِيمِ","[De frågar] om den stora nyheten"
3,"مِهَادًا","النبأ (6)","ممهدة كالفراش","Bädd / Viloplats","أَلَمْ نَجْعَلِ الْأَرْضَ مِهَادًا","Har Vi inte gjort jorden till en bädd"
4,"أَوْتَادًا","النبأ (7)","رواسي تثبت الأرض","Pålar","وَالْجِبَالَ أَوْتَادًا","och bergen till pålar"
5,"أَزْوَاجًا","النبأ (8)","أصنافاً (ذكراً وأنثى)","I par","وَخَلَقْنَاكُمْ أَزْوَاجًا","och Vi har skapat er i par"
6,"سُبَاتًا","النبأ (9)","راحة للأبدان","Vila","وَجَعَلْنَا نَوْمَكُمْ سُبَاتًا","och gjort sömnen till vila för er"
7,"لِبَاسًا","النبأ (10)","ساتراً بظلامه","Klädnad","وَجَعَلْنَا اللَّيْلَ لِبَاسًا","och gjort natten till en klädnad"
8,"مَعَاشًا","النبأ (11)","وقتاً للسعي والرزق","Tid för utkomst","وَجَعَلْنَا النَّهَارَ مَعَاشًا","och gjort dagen till en tid för utkomst"
9,"شِدَادًا","النبأ (12)","قوية محكمة","Fasta (himlar)","وَبَنَيْنَا فَوْقَكُمْ سَبْعًا شِدَادًا","Och ovanför er har Vi byggt sju fasta [himlar]"
10,"سِرَاجًا","النبأ (13)","مصباحاً (الشمس)","Lampa (Solen)","وَجَعَلْنَا سِرَاجًا وَهَّاجًا","och hängt upp en flammande lampa"
11,"وَهَّاجًا","النبأ (13)","مضيئاً متوقداً","Flammande","وَجَعَلْنَا سِرَاجًا وَهَّاجًا","och hängt upp en flammande lampa"
12,"الْمُعْصِرَاتِ","النبأ (14)","السحب الممطرة","Regnmoln","وَأَنزَلْنَا مِنَ الْمُعْصِرَاتِ مَاءً ثَجَّاجًا","och [att Vi] låter regn flöda ur de tunga molnen"
13,"ثَجَّاجًا","النبأ (14)","منصبّاً بكثرة","Flödande","وَأَنزَلْنَا مِنَ الْمُعْصِرَاتِ مَاءً ثَجَّاجًا","och [att Vi] låter regn flöda ur de tunga molnen"
14,"أَلْفَافًا","النبأ (16)","ملتفة الأشجار","Täta (snår)","وَجَنَّاتٍ أَلْفَافًا","och lummiga trädgårdar"
15,"مِيقَاتًا","النبأ (17)","وقتاً محدداً","En fastställd tid","إِنَّ يَوْمَ الْفَصْلِ كَانَ مِيقَاتًا","Åtskillnadens dag är sannerligen en fastställd tid"
16,"فُتِحَتِ","النبأ (19)","شقت لنزول الملائكة","Öppnas","وَفُتِحَتِ السَّمَاءُ فَكَانَتْ أَبْوَابًا","Och himlen öppnas med portar på glänt"
17,"سُيِّرَتِ","النبأ (20)","نسفت من أماكنها","Sätts i rörelse","وَسُيِّرَتِ الْجِبَالُ فَكَانَتْ سَرَابًا","och bergen sätts i rörelse och blir en hägring"
18,"مِرْصَادًا","النبأ (21)","مكاناً للترصد","Bakhåll","إِنَّ جَهَنَّمَ كَانَتْ مِرْصَادًا","Helvetet ligger i bakhåll"
19,"مَآبًا","النبأ (22)","مرجعاً ومأوى","Hemvist","لِّلطَّاغِينَ مَآبًا","en hemvist för de trotsiga syndarna"
20,"أَحْقَابًا","النبأ (23)","دهوراً لا تنقطع","Tidevarv","لَّابِثِينَ فِيهَا أَحْقَابًا","där de skall förbli under långa tidevarv"
21,"بَرْدًا","النبأ (24)","نومًا أو راحة","Svalka","لَّا يَذُوقُونَ فِيهَا بَرْدًا وَلَا شَرَابًا","där de varken skall finna svalka eller dryck"
22,"غَسَّاقًا","النبأ (25)","صديد أهل النار","Var / Vätska","إِلَّا حَمِيمًا وَغَسَّاقًا","utom skållhett vatten och en vätska av var"
23,"وِفَاقًا","النبأ (26)","موافقاً للعمل","Rättvis","جَزَاءً وِفَاقًا","en rättvis lön [för vad de gjorde]"
24,"كِذَّابًا","النبأ (28)","تكذيباً شديداً","Förnekande","وَكَذَّبُوا بِآيَاتِنَا كِذَّابًا","och de förnekade envist Våra budskap"
25,"كَعْبًا","النبأ (33)","بارزة الثدي","Ungmöar","وَكَوَاعِبَ أَتْرَابًا","och ungmöar av samma ålder"
26,"دِهَاقًا","النبأ (34)","ممتلئة صافية","Bräddfulla","وَكَأْسًا دِهَاقًا","och bägare bräddfulla [med dryck]"
27,"لَغْوًا","النبأ (35)","كلاماً باطلاً","Tomt tal","لَّا يَسْمَعُونَ فِيهَا لَغْوًا وَلَا كِذَّابًا","Där skall de inte höra tomt tal eller lögner"
28,"صَفًّا","النبأ (38)","مصطفين","På rad","يَوْمَ يَقُومُ الرُّوحُ وَالْمَلَائِكَةُ صَفًّا","Den Dag då Ängeln och änglarna står uppställda på rad"
29,"الْغَرْقَا","النازعات (1)","انتزاع الروح بشدة","Sliter (våldsamt)","وَالنَّازِعَاتِ غَرْقًا","VID DEM som sliter [själarna ur de förhärdade syndarnas kroppar]"
30,"النَّشْطَا","النازعات (2)","اخراج الروح برفق","Löser (varsamt)","وَالنَّاشِطَاتِ نَشْطًا","vid dem som varsamt löser [de goda själarna]"
31,"السَّبْحَا","النازعات (3)","السير السريع","Svävar","وَالسَّابِحَاتِ سَبْحًا","vid dem som svävar fritt"
32,"السَّبْقَا","النازعات (4)","المسارعة للأمر","Ilart","فَالسَّابِقَاتِ سَبْقًا","och som ilar fram"
33,"الرَّاجِفَةُ","النازعات (6)","النفخة الأولى","Den första stöten","يَوْمَ تَرْجُفُ الرَّاجِفَةُ","En Dag skall [jorden] skakas av den första stöten"
34,"الرَّادِفَةُ","النازعات (7)","النفخة الثانية","Den andra stöten","تَتْبَعُهَا الرَّادِفَةُ","följd av den andra"
35,"وَاجِفَةٌ","النازعات (8)","خائفة مضطربة","Bävande","قُلُوبٌ يَوْمَئِذٍ وَاجِفَةٌ","Den Dagen skall människohjärtan bultande av ångest"
36,"الْحَافِرَةِ","النازعات (10)","الحالة الأولى (الحياة)","Tidigare tillstånd","أَإِنَّا لَمَرْدُودُونَ فِي الْحَافِرَةِ","Skall vi föras tillbaka till vårt tidigare tillstånd"
37,"النَّاخِرَةِ","النازعات (11)","بالية متفتتة","Murkna","عِظَامًا نَّخِرَةً","multna ben"
38,"زَجْرَةٌ","النازعات (13)","صيحة شديدة","Ett enda rop","فَإِنَّمَا هِيَ زَجْرَةٌ وَاحِدَةٌ","Det skall bli ett enda rop"
39,"السَّاهِرَةِ","النازعات (14)","وجه الأرض","Den öppna vidden","فَإِذَا هُم بِالسَّاهِرَةِ","och se, de är alla samlade på den [öppna] vidden"
40,"طُوًى","النازعات (16)","اسم الوادي","Tuwa","بِالْوَادِ الْمُقَدَّسِ طُوًى","i den heliga dalen Tuwa"
41,"طَغَى","النازعات (17)","تجاوز الحد","Överträtt gränsen","اذْهَبْ إِلَىٰ فِرْعَوْنَ إِنَّهُ طَغَىٰ","Gå till Farao! Han har överträtt alla gränser"
42,"تَزَكَّى","النازعات (18)","تتطهر","Rena dig","فَقُلْ هَل لَّكَ إِلَىٰ أَن تَزَكَّىٰ","och säg: Är du villig att rena dig"
43,"أَدْبَرَ","النازعات (22)","ولّى معرضاً","Vände ryggen till","ثُمَّ أَدْبَرَ يَسْعَىٰ","Vände han ryggen till och skyndade bort"
44,"سَمْكَهَا","النازعات (27)","سقفها/ارتفاعها","Dess valv","رَفَعَ سَمْكَهَا فَسَوَّاهَا","Han har rest dess valv och format den"
45,"أَغْطَشَ","النازعات (29)","أظلم","Förmörkat","وَأَغْطَشَ لَيْلَهَا وَأَخْرَجَ ضُحَاهَا","Han har låtit mörker täcka dess natt"
46,"دَحَاهَا","النازعات (30)","بسطها","Brett ut den","وَالْأَرْضَ بَعْدَ ذَٰلِكَ دَحَاهَا","Och därefter har Han brett ut jorden"
47,"أَرْسَاهَا","النازعات (32)","ثبتها (الجبال)","Stadgat den","وَالْجِبَالَ أَرْسَاهَا","och Han har stadgat bergen"
48,"الطَّامَّةُ","النازعات (34)","المصيبة العظمى","Den stora prövningen","فَإِذَا جَاءَتِ الطَّامَّةُ الْكُبْرَىٰ","Men när den stora, avgörande prövningen kommer"
49,"الْمَأْوَىٰ","النازعات (39)","المسكن/المصير","Härbärget","فَإِنَّ الْجَحِيمَ هِيَ الْمَأْوَىٰ","skall helvetet bli hans härbärge"
50,"مُرْسَاهَا","النازعات (42)","وقت وقوعها","Inyträffa","أَيَّانَ مُرْسَاهَا","När skall den inträffa"
51,"عَشِيَّةً","النازعات (46)","وقت العصر/الغروب","En afton","لَمْ يَلْبَثُوا إِلَّا عَشِيَّةً أَوْ ضُحَاهَا","som om de inte hade dröjt kvar mer än en afton"
52,"عَبَسَ","عبس (1)","قطب وجهه","Rynkade pannan","عَبَسَ وَتَوَلَّىٰ","HAN RYNKADE pannan och vände sig bort"
53,"تَوَلَّىٰ","عبس (1)","أعرض","Vände sig bort","عَبَسَ وَتَوَلَّىٰ","HAN RYNKADE pannan och vände sig bort"
54,"الأَعْمَىٰ","عبس (2)","الضرير","Den blinde","أَن جَاءَهُ الْأَعْمَىٰ","därför att den blinde mannen kom till honom"
55,"يَزَّكَّىٰ","عبس (3)","يتطهر من الذنب","Renad","وَمَا يُدْرِيكَ لَعَلَّهُ يَزَّكَّىٰ","Men vad kunde du veta? Han kanske ville bli renad"
56,"تَصَدَّىٰ","عبس (6)","تتعرض له وتقبل","Ägnar uppmärksamhet","فَأَنتَ لَهُ تَصَدَّىٰ","ägnar du all uppmärksamhet"
57,"تَلَهَّىٰ","عبس (10)","تنشغل عنه","Låter dig distraheras","فَأَنتَ عَنْهُ تَلَهَّىٰ","låter du dig distraheras [av annat]"
58,"سَفَرَةٍ","عبس (15)","الكتبة (الملائكة)","Händer (Änglar)","بِأَيْدِي سَفَرَةٍ","nedtecknade av [Änglarnas] händer"
59,"بَرَرَةٍ","عبس (16)","أتقياء/صادقين","Fromma","كِرَامٍ بَرَرَةٍ","ädla, fromma"
60,"أَقْبَرَهُ","عبس (21)","جعل له قبراً","Lagt i graven","ثُمَّ أَمَاتَهُ فَأَقْبَرَهُ","Låter Han honom dö och läggas i graven"
61,"أَنشَرَهُ","عبس (22)","أحياه وبعثه","Väcka till liv","ثُمَّ إِذَا شَاءَ أَنشَرَهُ","och Han skall väcka honom till liv när Han vill"
62,"شَقَقْنَا","عبس (26)","صدعنا","Klyver","ثُمَّ شَقَقْنَا الْأَرْضَ شَقًّا","Därefter klyver Vi jorden"
63,"قَضْبًا","عبس (28)","علفاً","Grönska / Foder","وَعِنَبًا وَقَضْبًا","och vinrankor och grönska"
64,"غُلْبًا","عبس (30)","عظيمة الأشجار","Lummiga","وَحَدَائِقَ غُلْبًا","och lummiga trädgårdar"
65,"أَبًّا","عبس (31)","المرعى","Bete","وَفَاكِهَةً وَأَبًّا","frukt och bete"
66,"الصَّاخَّةُ","عبس (33)","الصيحة العظيمة","Det bedövande dånet","فَإِذَا جَاءَتِ الصَّاخَّةُ","Men när det bedövande dånet ljuder"
67,"مُسْفِرَةٌ","عبس (38)","مضيئة","Strålande","وُجُوهٌ يَوْمَئِذٍ مُّسْفِرَةٌ","Den Dagen skall ansikten stråla av ljus"
68,"غَبَرَةٌ","عبس (40)","غبار","Damm","وَوُجُوهٌ يَوْمَئِذٍ عَلَيْهَا غَبَرَةٌ","och ansikten skall vara täckta av damm"
69,"قَتَرَةٌ","عبس (41)","سواد","Mörker","تَرْهَقُهَا قَتَرَةٌ","höljda i mörker"
70,"الْكَفَرَةُ","عبس (42)","الجاحدون","Förnekarna","أُولَٰئِكَ هُمُ الْكَفَرَةُ الْفَجَرَةُ","det är förnekarna, de som har sjunkit djupt i synd"
71,"كُوِّرَتْ","التكوير (1)","لُفت/ذهب نورها","Lindas ihop","إِذَا الشَّمْسُ كُوِّرَتْ","När solen lindas ihop"
72,"انكَدَرَتْ","التكوير (2)","تناثرت","Faller / Slocknar","وَإِذَا النُّجُومُ انكَدَرَتْ","och stjärnorna faller och slocknar"
73,"سُيِّرَتْ","التكوير (3)","حركت","Sätts i rörelse","وَإِذَا الْجِبَالُ سُيِّرَتْ","och bergen sätts i rörelse"
74,"الْعِشَارُ","التكوير (4)","النوق الحوامل","De dräktiga stona","وَإِذَا الْعِشَارُ عُطِّلَتْ","och de dräktiga stona lämnas utan tillsyn"
75,"عُطِّلَتْ","التكوير (4)","أهملت بلا راع","Lämnas utan tillsyn","وَإِذَا الْعِشَارُ عُطِّلَتْ","och de dräktiga stona lämnas utan tillsyn"
76,"سُجِّرَتْ","التكوير (6)","أوقدت","Sätts i brand","وَإِذَا الْبِحَارُ سُجِّرَتْ","och haven sätts i brand"
77,"النُّفُوسُ","التكوير (7)","الأرواح","Själarna","وَإِذَا النُّفُوسُ زُوِّجَتْ","och människosjälarna [sorteras och] paras ihop"
78,"الْمَوْءُودَةُ","التكوير (8)","المدفونة حية","Flickan som begravdes levande","وَإِذَا الْمَوْءُودَةُ سُئِلَتْ","och den lilla flickan som begravdes levande tillfrågas"
79,"كُشِطَتْ","التكوير (11)","نزعت","Dragas undan","وَإِذَا السَّمَاءُ كُشِطَتْ","och himlen skall dragas undan"
80,"سُعِّرَتْ","التكوير (12)","أضرمت","Tänds på","وَإِذَا الْجَحِيمُ سُعِّرَتْ","och helvetets ugn tänds på"
81,"أُزْلِفَتْ","التكوير (13)","قربت","Förs fram","وَإِذَا الْجَنَّةُ أُزْلِفَتْ","och paradiset förs fram"
82,"الْخُنَّسِ","التكوير (15)","الكواكب المختفية","De som drar sig tillbaka","فَلَا أُقْسِمُ بِالْخُنَّسِ","Jag kallar att vittna de [stjärnor] som drar sig tillbaka"
83,"الْجَوَارِ","التكوير (16)","الكواكب السائرة","De som löper","الْجَوَارِ الْكُنَّسِ","som löper [sitt lopp] och döljer sig"
84,"الْكُنَّسِ","التكوير (16)","التي تستتر","De som döljer sig","الْجَوَارِ الْكُنَّسِ","som löper [sitt lopp] och döljer sig"
85,"عَسْعَسَ","التكوير (17)","أقبل بظلامه","Drar bort / Mörknar","وَاللَّيْلِ إِذَا عَسْعَسَ","och natten, när den drar bort"
86,"تَنَفَّسَ","التكوير (18)","أضاء وظهر","Andas (Gryr)","وَالصُّبْحِ إِذَا تَنَفَّسَ","och morgonen, när den andas [och gryr]"
87,"مَكِينٍ","التكوير (20)","ذو مكانة","Makt (Ställning)","ذِي قُوَّةٍ عِندَ ذِي الْعَرْشِ مَكِينٍ","med makt och rang hos Honom som tronar i Majestät"
88,"مُطَاعٍ","التكوير (21)","يطيعه الملائكة","Åtlydd","مُّطَاعٍ ثَمَّ أَمِينٍ","åtlydd [i den höga Världen] och trodd"
89,"ضَنِينٍ","التكوير (24)","بخيل","Snål","وَمَا هُوَ عَلَى الْغَيْبِ بِضَنِينٍ","och han undanhåller ingenting av det som är dolt"
90,"انفَطَرَتْ","الانفطار (1)","انشقت","Rämnar","إِذَا السَّمَاءُ انفَطَرَتْ","När himlen rämnar"
91,"انتَثَرَتْ","الانفطار (2)","تساقطت","Faller","وَإِذَا الْكَوَاكِبُ انتَثَرَتْ","och stjärnorna faller"
92,"فُجِّرَتْ","الانفطار (3)","فتحت","Öppnar sig","وَإِذَا الْبِحَارُ فُجِّرَتْ","och haven öppnar sig"
93,"بُعْثِرَتْ","الانفطار (4)","قلب ترابها","Vänds upp och ned","وَإِذَا الْقُبُورُ بُعْثِرَتْ","och gravarna vänds upp och ned"
94,"غَرَّكَ","الانفطار (6)","خدعك","Förtlett dig","مَا غَرَّكَ بِرَبِّكَ الْكَرِيمِ","vad har förtlett dig att trotsa din Herre"
95,"فَعَدَلَكَ","الانفطار (7)","سوى خلقك","Skapat dig fullkomlig","خَلَقَكَ فَسَوَّاكَ فَعَدَلَكَ","Han som har skapat dig och format dig och gjort dig till en fullkomlig skapelse"
96,"رَكَّبَكَ","الانفطار (8)","صورك","Satte samman dig","فِي أَيِّ صُورَةٍ مَّا شَاءَ رَكَّبَكَ","och som gav dig den gestalt Han ville"
97,"لَحَافِظِينَ","الانفطار (10)","ملائكة مراقبين","Väktare","وَإِنَّ عَلَيْكُمْ لَحَافِظِينَ","Men [himmelska] väktare vakar över er"
98,"يَصْلَوْنَهَا","الانفطار (15)","يدخلونها","Brinna i den","يَصْلَوْنَهَا يَوْمَ الدِّينِ","där de skall brinna på Domens dag"
99,"الْمُطَفِّفِينَ","المطففين (1)","المنقصين للمكيال","De som snålar","وَيْلٌ لِّلْمُطَفِّفِينَ","VE DEM som snålar med mått och vikt"
100,"اكْتَالُوا","المطففين (2)","اشتروا بالكيل","Mäter upp","الَّذِينَ إِذَا اكْتَالُوا عَلَى النَّاسِ يَسْتَوْفُونَ","de som, när de mäter upp åt sig själva, kräver fullt mått"
101,"يَسْتَوْفُونَ","المطففين (2)","يأخذون كاملاً","Kräver fullt","يَسْتَوْفُونَ","kräver fullt mått"
102,"كَالُوهُمْ","المطففين (3)","باعوا لغيرهم","Mäter åt andra","وَإِذَا كَالُوهُمْ","men som, när de mäter [åt andra]"
103,"يُخْسِرُونَ","المطففين (3)","ينقصون","Ger knappt","يُخْسِرُونَ","ger knappt mått"
104,"سِجِّينٍ","المطففين (7)","كتاب الفجار/سجن","Sijjin","إِنَّ كِتَابَ الْفُجَّارِ لَفِي سِجِّينٍ","Nej! De ondas bok finns i Sijjin"
105,"مَرْقُومٌ","المطففين (9)","مكتوب","Tydlig skrift","كِتَابٌ مَّرْقُومٌ","Det är en tydlig skrift"
106,"رَانَ","المطففين (14)","غطى (الصدأ)","Rost","بَلْ ۜ رَانَ عَلَىٰ قُلُوبِهِم","har lagt sig som rost på deras hjärtan"
107,"أَرَائِكِ","المطففين (23)","أسرة مزينة","Soffor","عَلَى الْأَرَائِكِ يَنظُرُونَ","[som vilar] på höga soffor och ser sig omkring"
108,"نَضْرَةَ","المطففين (24)","بهجة","Glans","نَضْرَةَ النَّعِيمِ","lycksalighetens glans"
109,"رَحِيقٍ","المطففين (25)","خمر صافية","Nektar","يُسْقَوْنَ مِن رَّحِيقٍ مَّخْتُومٍ","De bjuds att dricka en förseglad, ädel nektar"
110,"مَخْتُومٍ","المطففين (25)","مغلق","Förseglad","رَّحِيقٍ مَّخْتُومٍ","förseglad nektar"
111,"تَسْنِيمٍ","المطففين (27)","عين عالية","Tasnim","وَمِزَاجُهُ مِن تَسْنِيمٍ","blandat med [vatten från källan] Tasnim"
112,"فَكِهِينَ","المطففين (31)","مسرورين/ساخرين","Skämtande","انقَلَبُوا فَكِهِينَ","återvände de skämtande [om de troende]"
113,"انشَقَّتِ","الانشقاق (1)","تصدعت","Brister i stycken","إِذَا السَّمَاءُ انشَقَّتْ","När himlen brister i stycken"
114,"أَذِنَتْ","الانشقاق (2)","استمعت وانقادت","Lystrar","وَأَذِنَتْ لِرَبِّهَا وَحُقَّتْ","och lystrar till sin Herre"
115,"مُدَّتْ","الانشقاق (3)","بسطت","Planats ut","وَإِذَا الْأَرْضُ مُدَّتْ","och när jorden har planats ut"
116,"تَخَلَّتْ","الانشقاق (4)","فرغت ما فيها","Tömmer sig","وَأَلْقَتْ مَا فِيهَا وَتَخَلَّتْ","och kastar upp vad den gömmer och tömmer sig"
117,"كَادِحٌ","الانشقاق (6)","ساعٍ بجهد","Strävar","إِنَّكَ كَادِحٌ إِلَىٰ رَبِّكَ كَدْحًا","du strävar och strävar mot din Herre"
118,"ثُبُورًا","الانشقاق (11)","هلاكاً","Förintelse","وَيَدْعُو ثُبُورًا","skall han ropa på förintelse"
119,"يَحُورَ","الانشقاق (14)","يرجع","Vända åter","إِنَّهُ ظَنَّ أَن لَّن يَحُورَ","Han trodde att han aldrig skulle behöva vända åter [till Gud]"
120,"الشَّفَقِ","الانشقاق (16)","حمرة الأفق","Aftonrodnaden","فَلَا أُقْسِمُ بِالشَّفَقِ","Jag kallar aftonrodnaden att vittna"
121,"وَسَقَ","الانشقاق (17)","جمع وضم","Samlar in","وَاللَّيْلِ وَمَا وَسَقَ","Jag kallar natten och vad den döljer"
122,"اتَّسَقَ","الانشقاق (18)","اكتمل واستوى","Blir full","وَالْقَمَرِ إِذَا اتَّسَقَ","och månen, när den blir full"
123,"طَبَقًا","الانشقاق (19)","حالاً بعد حال","Stadium","لَتَرْكَبُنَّ طَبَقًا عَن طَبَقٍ","att ni helt säkert skall gå igenom det ena stadiet efter det andra"
124,"الْبُرُوجِ","البروج (1)","منازل النجوم","Stjärnbilderna","وَالسَّمَاءِ ذَاتِ الْبُرُوجِ","VID HIMLEN med dess stjärnbilder"
125,"مَشْهُودٍ","البروج (3)","مشاهَد (الجمعة/عرفة)","Det bevittnade","وَشَاهِدٍ وَمَشْهُودٍ","vid vittnet och det bevittnade"
126,"الْأُخْدُودِ","البروج (4)","الشق العظيم","Gropen","قُتِلَ أَصْحَابُ الْأُخْدُودِ","Fördömda vare männen som grävde gropen"
127,"الْوَدُودُ","البروج (14)","المحب لأوليائه","Den Kärleksfulle","وَهُوَ الْغَفُورُ الْوَدُودُ","Han är Den som ständigt förlåter, den Kärleksfulle"
128,"الْمَجِيدُ","البروج (15)","العظيم","Den Ärorike","ذُو الْعَرْشِ الْمَجِيدُ","Herren till Tronen, den Ärorike"
129,"بَطْشَ","البروج (12)","أخذ وعقاب","Grepp","إِنَّ بَطْشَ رَبِّكَ لَشَدِيدٌ","Din Herres grepp är sannerligen hårt"
130,"مَحْفُوظٍ","البروج (22)","مصان","Väl bevarad","فِي لَوْحٍ مَّحْفُوظٍ","[som finns] på en tavla, väl bevarad"
131,"الطَّارِقِ","الطارق (1)","النجم الليلي","Den nattlige besökaren","وَالسَّمَاءِ وَالطَّارِقِ","VID HIMLEN och den nattlige besökaren"
132,"الثَّاقِبُ","الطارق (3)","المضيء","Den klart lysande","النَّجْمُ الثَّاقِبُ","[det är] stjärnan som lyser med klart sken"
133,"حَافِظٌ","الطارق (4)","ملك رقيب","Väktare","إِن كُلُّ نَفْسٍ لَّمَّا عَلَيْهَا حَافِظٌ","Varenda människa har en väktare över sig"
134,"دَافِقٍ","الطارق (6)","مصبوب بسرعة","Framvällande","خُلِقَ مِن مَّاءٍ دَافِقٍ","skapad av en droppe framvällande vätska"
135,"الصُّلْبِ","الطارق (7)","الظهر","Ländryggen","يَخْرُجُ مِن بَيْنِ الصُّلْبِ وَالتَّرَائِبِ","som väller fram mellan ländryggen och bäckenet"
136,"التَّرَائِبِ","الطارق (7)","عظام الصدر","Bäckenet (Bröstkorgen)","الصُّلْبِ وَالتَّرَائِبِ","mellan ländryggen och bäckenet"
137,"السَّرَائِرُ","الطارق (9)","الخفايا","Hemligheterna","يَوْمَ تُبْلَى السَّرَائِرُ","den Dag då [alla] hemligheter skall dras fram i ljuset"
138,"الرَّجْعِ","الطارق (11)","المطر","Regnet","وَالسَّمَاءِ ذَاتِ الرَّجْعِ","Vid himlen, som sänder regnet åter och åter"
139,"الصَّدْعِ","الطارق (12)","النبات (الشق)","Som spricker","وَالْأَرْضِ ذَاتِ الصَّدْعِ","och jorden, som spricker när växterna spirar"
140,"فَصْلٌ","الطارق (13)","قول قاطع","Sanningens ord","إِنَّهُ لَقَوْلٌ فَصْلٌ","Detta är i sanning Sanningens ord"
141,"الْهَزْلِ","الطارق (14)","اللعب","Skämt","وَمَا هُوَ بِالْهَزْلِ","det är inget skämt"
142,"رُوَيْدًا","الطارق (17)","قليلاً","En kort stund","فَمَهِّلِ الْكَافِرِينَ أَمْهِلْهُمْ رُوَيْدًا","Låt de otrogna hållas, ge dem anstånd en kort stund"
143,"الْمَرْعَىٰ","الأعلى (4)","العشب","Grönskan","وَالَّذِي أَخْرَجَ الْمَرْعَىٰ","Han som låter grönskan spira"
144,"غُثَاءً","الأعلى (5)","يابساً","Vissnat","فَجَعَلَهُ غُثَاءً أَحْوَىٰ","och så låter det vissna"
145,"أَحْوَىٰ","الأعلى (5)","مائلاً للسواد","Mörkna","فَجَعَلَهُ غُثَاءً أَحْوَىٰ","och så låter det vissna och mörkna"
146,"نُقْرِئُكَ","الأعلى (6)","نعلمك القراءة","Lära dig läsa","سَنُقْرِئُكَ فَلَا تَنسَىٰ","Vi skall lära dig att läsa och du skall inte glömma"
147,"يَتَجَنَّبُهَا","الأعلى (11)","يبتعد عنها","Drar sig undan","وَيَتَجَنَّبُهَا الْأَشْقَى","men den förhärdade syndaren drar sig undan"
148,"يُؤْثِرُونَ","الأعلى (16)","يفضلون","Föredrar","بَلْ تُؤْثِرُونَ الْحَيَاةَ الدُّنْيَا","Men ni föredrar det jordiska livet"
149,"الْغَاشِيَةِ","الغاشية (1)","القيامة","Den som höljer allt","هَلْ أَتَاكَ حَدِيثُ الْغَاشِيَةِ","HAR DU hört berättelsen om Den som höljer allt"
150,"خَاشِعَةٌ","الغاشية (2)","ذليلة","Nedslagna","وُجُوهٌ يَوْمَئِذٍ خَاشِعَةٌ","Den Dagen skall människors ansikten vara nedslagna"
151,"نَّاصِبَةٌ","الغاشية (3)","تعبة","Utarbetade","عَامِلَةٌ نَّاصِبَةٌ","tärda, utarbetade"
152,"حَامِيَةً","الغاشية (4)","شديدة الحرارة","Het","تَصْلَىٰ نَارًا حَامِيَةً","De skall stiga in i en het Eld"
153,"آنِيَةٍ","الغاشية (5)","متناهية الحرارة","Kokande","تُسْقَىٰ مِنْ عَيْنٍ آنِيَةٍ","och dricka ur en kokande källa"
154,"ضَرِيعٍ","الغاشية (6)","شوك يابس","Törne","لَّيْسَ لَهُمْ طَعَامٌ إِلَّا مِن ضَرِيعٍ","som inte får annan föda än bittert taggrens"
155,"لَاغِيَةً","الغاشية (11)","كلام باطل","Tomt tal","لَّا تَسْمَعُ فِيهَا لَاغِيَةً","Där skall de inte höra tomt tal"
156,"نَمَارِقُ","الغاشية (15)","وسائد","Kuddar","وَنَمَارِقُ مَصْفُوفَةٌ","och kuddar i rader"
157,"زَرَابِيُّ","الغاشية (16)","بسط","Mattor","وَزَرَابِيُّ مَبْثُوثَةٌ","och [fina] mattor utbredda"
158,"مَبْثُوثَةٌ","الغاشية (16)","منشورة","Utbredda","وَزَرَابِيُّ مَبْثُوثَةٌ","och [fina] mattor utbredda"
159,"سُطِحَتْ","الغاشية (20)","بسطت","Breitts ut","وَإِلَى الْأَرْضِ كَيْفَ سُطِحَتْ","och jorden, hur den har breitts ut"
160,"مُصَيْطِرٍ","الغاشية (22)","مسلط","Övervakare","لَّسْتَ عَلَيْهِم بِمُصَيْطِرٍ","du är inte satt att vaka över dem"
161,"إِيَابَهُمْ","الغاشية (25)","رجوعهم","Återkomst","إِنَّ إِلَيْنَا إِيَابَهُمْ","Till Oss skall de se, återvända"
162,"حِجْرٍ","الفجر (5)","عقل","Förstånd","هَلْ فِي ذَٰلِكَ قَسَمٌ لِّذِي حِجْرٍ","Är inte detta en ed [av vikt] för den som har förstånd?"
163,"إِرَمَ","الفجر (7)","مدينة عاد","Iram","إِرَمَ ذَاتِ الْعِمَادِ","[stammen] Ad i Iram"
164,"الْعِمَادِ","الفجر (7)","الأعمدة","Pelarna","إِرَمَ ذَاتِ الْعِمَادِ","staden med de många pelarna"
165,"جَابُوا","الفجر (9)","قطعوا","Högg ut","وَثَمُودَ الَّذِينَ جَابُوا الصَّخْرَ","och [mot] stammen Thamud, som högg ut sina bostäder i dalens klippväggar"
166,"سَوْطَ","الفجر (13)","نصيب","Piska","فَصَبَّ عَلَيْهِمْ رَبُّكَ سَوْطَ عَذَابٍ","därför lät din Herre straffets piska vina över dem"
167,"تَحُضُّونَ","الفجر (18)","تحثون","Uppmanar","وَلَا تَحُضُّونَ عَلَىٰ طَعَامِ الْمِسْكِينِ","och inte uppmanar varandra att ge den fattige mat"
168,"تُرَاثَ","الفجر (19)","الميراث","Arvet","وَتَأْكُلُونَ التُّرَاثَ","Och ni slukar arvet"
169,"لَمًّا","الفجر (19)","جامعاً","Med hull och hår","أَكْلًا لَّمًّا","med hull och hår (girigt)"
170,"جَمًّا","الفجر (20)","كثيراً","Gränslös","وَتُحِبُّونَ الْمَالَ حُبًّا جَمًّا","och er kärlek till pengar är gränslös"
171,"دُكَّتِ","الفجر (21)","زلزلت","Skakas","كَلَّا إِذَا دُكَّتِ الْأَرْضُ دَكًّا دَكًّا","Men nej! När jorden skakas i grundvalarna, stöt på stöt"
172,"يَوْمَئِذٍ","الفجر (23)","ذلك اليوم","Den Dagen","وَجِيءَ يَوْمَئِذٍ بِجَهَنَّمَ","när helvetet den Dagen görs synligt"
173,"حِلٌّ","البلد (2)","مقيم","Bor","وَأَنتَ حِلٌّ بِهَٰذَا الْبَلَدِ","du som bor i denna Stad"
174,"كَبَدٍ","البلد (4)","مشقة","Möda","لَقَدْ خَلَقْنَا الْإِنسَانَ فِي كَبَدٍ","Vi har sannerligen skapat människan till möda och besvär"
175,"لُّبَدًا","البلد (6)","كثيراً","I mängd","أَهْلَكْتُ مَالًا لُّبَدًا","Jag har satt sprätt på pengar i mängd"
176,"النَّجْدَيْنِ","البلد (10)","الطريقين","De två vägarna","وَهَدَيْنَاهُ النَّجْدَيْنِ","och visat henne de två vägarna"
177,"اقْتَحَمَ","البلد (11)","تجاوز","Slå in på","فَلَا اقْتَحَمَ الْعَقَبَةَ","Men han ville inte slå in på den branta vägen"
178,"الْعَقَبَةَ","البلد (11)","الطريق الشاق","Den branta vägen","فَلَا اقْتَحَمَ الْعَقَبَةَ","Men han ville inte slå in på den branta vägen"
179,"فَكُّ","البلد (13)","تحرير","Lossa","فَكُّ رَقَبَةٍ","Att lossa [en slavs] bojor"
180,"مَسْغَبَةٍ","البلد (14)","مجاعة","Svält","فِي يَوْمٍ ذِي مَسْغَبَةٍ","en dag då svälten härjar"
181,"مَقْرَبَةٍ","البلد (15)","قرابة","Anförvant","يَتِيمًا ذَا مَقْرَبَةٍ","en faderlös anförvant"
182,"مَتْرَبَةٍ","البلد (16)","فقر","Nöd","مِسْكِينًا ذَا مَتْرَبَةٍ","en nödställd stackare"
183,"مُؤْصَدَةٌ","البلد (20)","مغلقة","Sluter sig","عَلَيْهِمْ نَارٌ مُّؤْصَدَةٌ","Över dem skall Elden sluta sig"
184,"تَلَاهَا","الشمس (2)","تبعها","Följer","وَالْقَمَرِ إِذَا تَلَاهَا","vid månen, som följer henne"
185,"جَلَّاهَا","الشمس (3)","أظهرها","Låter framträda","وَالنَّهَارِ إِذَا جَلَّاهَا","vid dagen, som låter den framträda"
186,"يَغْشَاهَا","الشمس (4)","يغطيها","Täcker","وَاللَّيْلِ إِذَا يَغْشَاهَا","vid natten, som täcker den"
187,"طَحَاهَا","الشمس (6)","بسطها","Brett ut","وَالْأَرْضِ وَمَا طَحَاهَا","vid jorden och Den som har brett ut den"
188,"أَلْهَمَهَا","الشمس (8)","عرفها","Ingav","فَأَلْهَمَهَا فُجُورَهَا وَتَقْوَاهَا","och ingav den dess ogudaktighet och dess gudsfruktan"
189,"زَكَّاهَا","الشمس (9)","طهرها","Håller ren","قَدْ أَفْلَحَ مَن زَكَّاهَا","helt visst skall det gå den väl i händer som håller den [själen] ren"
190,"دَسَّاهَا","الشمس (10)","أفسدها","Begraver","وَقَدْ خَابَ مَن دَسَّاهَا","men den som begraver den [i synd] är förlorad"
191,"بَطْغُوَاهَا","الشمس (11)","بطغيانها","I sitt övermod","كَذَّبَتْ ثَمُودُ بِطْغُوَاهَا","I sitt övermod förnekade [stammen] Thamud sanningen"
192,"انبَعَثَ","الشمس (12)","نهض مسرعاً","Rusade fram","إِذِ انبَعَثَ أَشْقَاهَا","då den uslaste bland dem rusade fram"
193,"عَقَرُوهَا","الشمس (14)","قتلوها","Skar av hälsenorna","فَكَذَّبُوهُ فَعَقَرُوهَا","Men de trodde honom inte utan skar av hälsenorna på stoet"
194,"دَمْدَمَ","الشمس (14)","أطبق العذاب","Lät straffet drabba","فَدَمْدَمَ عَلَيْهِمْ رَبُّهُم","då lät deras Herre straffet drabba dem alla"
195,"تَجَلَّىٰ","الليل (2)","ظهر","Lyser klart","وَالنَّهَارِ إِذَا تَجَلَّىٰ","vid dagen, när den lyser klart"
196,"شَتَّىٰ","الليل (4)","مختلف","Av skilda slag","إِنَّ سَعْيَكُمْ لَشَتَّىٰ","är er strävan sannerligen av skilda slag"
197,"اتَّقَىٰ","الليل (5)","خاف الله","Fruktar Gud","فَأَمَّا مَنْ أَعْطَىٰ وَاتَّقَىٰ","Den som ger [av sitt] och fruktar Gud"
198,"الْيُسْرَىٰ","الليل (7)","الجنة/الخير","Det lätta","فَسَنُيَسِّرُهُ لِلْيُسْرَىٰ","honom skall Vi göra det lätt att följa den lätta vägen"
199,"اسْتَغْنَىٰ","الليل (8)","بخل واستكبر","Ser sig själv som tillräcklig","وَمَن بَخِلَ وَاسْتَغْنَىٰ","men den som snålar och ser sig själv som tillräcklig"
200,"الْعُسْرَىٰ","الليل (10)","الشدة/النار","Det svåra","فَسَنُيَسِّرُهُ لِلْعُسْرَىٰ","skall Vi göra det lätt för honom att gå det svåra till mötes"
201,"تَرَدَّىٰ","الليل (11)","هلك","Faller","وَمَا يُغْنِي عَنْهُ مَالُهُ إِذَا تَرَدَّىٰ","vad har han för glädje av sin rikedom när han faller [i graven]"
202,"تَلَظَّىٰ","الليل (14)","تتوقد","Flammande","فَأَنذَرْتُكُمْ نَارًا تَلَظَّىٰ","Därför varnar Jag er för en flammande Eld"
203,"سَجَىٰ","الضحى (2)","سكن","Är stilla","وَاللَّيْلِ إِذَا سَجَىٰ","vid natten, när den är stilla"
204,"وَدَّعَكَ","الضحى (3)","تركك","Övergett","مَا وَدَّعَكَ رَبُّكَ","Din Herre har inte övergett dig"
205,"قَلَىٰ","الضحى (3)","أبغض","Hyser ovilja","وَمَا قَلَىٰ","och Han hyser inte ovilja [mot dig]"
206,"آوَىٰ","الضحى (6)","ضم ورعى","Tog hand om","أَلَمْ يَجِدْكَ يَتِيمًا فَآوَىٰ","Fann Han dig inte faderlös och tog hand om dig"
207,"عَائِلًا","الضحى (8)","فقيراً","Fattig","وَوَجَدَكَ عَائِلًا فَأَغْنَىٰ","Och fann Han dig inte fattig och gav dig vad du behövde"
208,"تَقْهَرْ","الضحى (9)","تذل","Tryck ned","فَأَمَّا الْيَتِيمَ فَلَا تَقْهَرْ","Var därför inte hård mot den faderlöse (Tryck inte ned)"
209,"تَنْهَرْ","الضحى (10)","تزجر","Kör iväg","وَأَمَّا السَّائِلَ فَلَا تَنْهَرْ","och kör inte iväg tiggaren"
210,"نَشْرَحْ","الشرح (1)","نوسع","Öppnat","أَلَمْ نَشْرَحْ لَكَ صَدْرَكَ","HAR VI inte öppnat ditt bröst"
211,"وِزْرَكَ","الشرح (2)","حملك","Börda","وَوَضَعْنَا عَنكَ وِزْرَكَ","och lättat din börda"
212,"أَنقَضَ","الشرح (3)","أثقل","Tyngde","الَّذِي أَنقَضَ ظَهْرَكَ","som tyngde din rygg"
213,"ذِكْرَكَ","الشرح (4)","اسمك","Rykte","وَرَفَعْنَا لَكَ ذِكْرَكَ","och gett dig högt rykte"
214,"فَانصَبْ","الشرح (7)","اجتهد","Sträva","فَإِذَا فَرَغْتَ فَانصَبْ","Och när du är ledig, sträva [i bön]"
215,"سِينِينَ","التين (2)","سيناء","Sinai","وَطُورِ سِينِينَ","vid Sinai berg"
216,"تَقْوِيمٍ","التين (4)","هيئة","Skapnad","لَقَدْ خَلَقْنَا الْإِنسَانَ فِي أَحْسَنِ تَقْوِيمٍ","Vi har sannerligen skapat människan i den bästa skapnad"
217,"أَسْفَلَ","التين (5)","أدنى","Lägsta","أَسْفَلَ سَافِلِينَ","den lägsta av de låga grader"
218,"مَمْنُونٍ","التين (6)","مقطوع","Tar slut","فَلَهُمْ أَجْرٌ غَيْرُ مَمْنُونٍ","väntar en lön som aldrig tar slut"
219,"عَلَقٍ","العلق (2)","دم متجمد","Grodd","خَلَقَ الْإِنسَانَ مِنْ عَلَقٍ","som har skapat människan av en grodd"
220,"الْأَكْرَمُ","العلق (3)","الكريم جداً","Den Frikostigaste","اقْرَأْ وَرَبُّكَ الْأَكْرَمُ","Läs! Din Herre är den Frikostigaste"
221,"الرُّجْعَىٰ","العلق (8)","الرجوع","Återkomsten","إِنَّ إِلَىٰ رَبِّكَ الرُّجْعَىٰ","Men till din Herre är återkomsten"
222,"الْنَّاصِيَةِ","العلق (15)","مقدمة الرأس","Luggen","لَنَسْفَعًا بِالنَّاصِيَةِ","skall Vi sannerligen släpa honom [till straffet] vid luggen"
223,"لَنَسْفَعًا","العلق (15)","لنجذبن","Släpa","لَنَسْفَعًا بِالنَّاصِيَةِ","skall Vi sannerligen släpa honom [till straffet] vid luggen"
224,"نَادِيَهُ","العلق (17)","عشيرته","Hejdukar","فَلْيَدْعُ نَادِيَهُ","Låt honom kalla på sina hejdukar"
225,"الزَّبَانِيَةَ","العلق (18)","ملائكة العذاب","Helvetesvakter","سَنَدْعُ الزَّبَانِيَةَ","Vi skall kalla på helvetesvakter"
226,"الْقَدْرِ","القدر (1)","الشرف/التقدير","Allmakten","لَيْلَةِ الْقَدْرِ","Allmaktens Natt"
227,"مَطْلَعِ","القدر (5)","بزوغ","Gryningen","حَتَّىٰ مَطْلَعِ الْفَجْرِ","till dess gryningen bryter in"
228,"مُنفَكِّينَ","البينة (1)","تاركين (دينهم)","Lämna","لَمْ يَكُنِ ... مُنفَكِّينَ","skulle inte lämna [sin tro]"
229,"مُطَهَّرَةً","البينة (2)","منزهة","Rena","يَتْلُو صُحُفًا مُّطَهَّرَةً","som läser upp [ur] rena blad"
230,"قَيِّمَةٌ","البينة (3)","مستقيمة","Av evigt värde","فِيهَا كُتُبٌ قَيِّمَةٌ","med skrifter av evigt värde"
231,"الْبَرِيَّةِ","البينة (6)","الخلق","Skapade varelser","أُولَٰئِكَ هُمْ شَرُّ الْبَرِيَّةِ","de är de sämsta av alla skapade varelser"
232,"زِلْزَالَهَا","الزلزلة (1)","هزتها","Skalv","إِذَا زُلْزِلَتِ الْأَرْضُ زِلْزَالَهَا","När jorden skälver i sitt sista skalv"
233,"أَثْقَالَهَا","الزلزلة (2)","ما في بطنها","Bördor","وَأَخْرَجَتِ الْأَرْضُ أَثْقَالَهَا","och jorden kastar upp sina bördor"
234,"أَشْتَاتًا","الزلزلة (6)","متفرقين","Spridda hopar","يَصْدُرُ النَّاسُ أَشْتَاتًا","människorna stiga fram i spridda hopar"
235,"مِثْقَالَ","الزلزلة (7)","وزن","Vikt","فَمَن يَعْمَلْ مِثْقَالَ ذَرَّةٍ","Den som har gjort så mycket som ett stoftkorns vikt"
236,"الْعَادِيَاتِ","العاديات (1)","الخيل المسرعة","Stridshästarna","وَالْعَادِيَاتِ ضَبْحًا","VID DE flämtande stridshästarna"
237,"ضَبْحًا","العاديات (1)","صوت الأنفاس","Flämtande","وَالْعَادِيَاتِ ضَبْحًا","VID DE flämtande stridshästarna"
238,"الْمُورِيَاتِ","العاديات (2)","الموقدات للنار","Slår eld","فَالْمُورِيَاتِ قَدْحًا","som slår eld [ur marken]"
239,"قَدْحًا","العاديات (2)","ضرباً بالحافر","Slår eld","فَالْمُورِيَاتِ قَدْحًا","som slår eld [ur marken]"
240,"الْمُغِيرَاتِ","العاديات (3)","المهاجمات","Anfaller","فَالْمُغِيرَاتِ صُبْحًا","som anfaller på morgonen"
241,"نَقْعًا","العاديات (4)","غباراً","Moln av damm","فَأَثَرْنَ بِهِ نَقْعًا","och river upp moln av damm"
242,"لَكَنُودٌ","العاديات (6)","جحود","Otacksam","إِنَّ الْإِنسَانَ لِرَبِّهِ لَكَنُودٌ","att människan är djupt otacksam mot sin Herre"
243,"بُعْثِرَ","العاديات (9)","أثير وأخرج","Vänds upp och ned","إِذَا بُعْثِرَ مَا فِي الْقُبُورِ","när gravarna vänds upp och ned"
244,"حُصِّلَ","العاديات (10)","جمع وكشف","Uppenbaras","وَحُصِّلَ مَا فِي الصُّدُورِ","och vad som göms i människornas bröst uppenbaras"
245,"الْقَارِعَةُ","القارعة (1)","القيامة","Det dånande slaget","الْقَارِعَةُ","Det dånande slaget"
246,"الْمَبْثُوثِ","القارعة (4)","المنتشر","Kringströdda","كَالْفَرَاشِ الْمَبْثُوثِ","som kringströdda mott"
247,"الْعِهْنِ","القارعة (5)","الصوف","Ull","كَالْعِهْنِ الْمَنْفُوشِ","som kardad ull"
248,"الْمَنْفُوشِ","القارعة (5)","المفرق","Kardad","كَالْعِهْنِ الْمَنْفُوشِ","som kardad ull"
249,"هَاوِيَةٌ","القارعة (9)","قعر النار","Avgrund","فَأُمُّهُ هَاوِيَةٌ","har avgrunden till moder"
250,"أَلْهَاكُمُ","التكاثر (1)","شغلكم","Distraherar","أَلْهَاكُمُ التَّكَاثُرُ","BEGÄRET att få mer och mer distraherar er"
251,"زُرْتُمُ","التكاثر (2)","متم ودفنتم","Vilar","حَتَّىٰ زُرْتُمُ الْمَقَابِرَ","ända till dess ni vilar i era gravar"
252,"الْجَحِيمَ","التكاثر (6)","النار","Helvetet","لَتَرَوُنَّ الْجَحِيمَ","Ni skall sannerligen få skåda helvetet"
253,"النَّعِيمِ","التكاثر (8)","ملذات الدنيا","Det goda","عَنِ النَّعِيمِ","om det goda [som livet skänkte er]"
254,"الْعَصْرِ","العصر (1)","الدهر","Tiden","وَالْعَصْرِ","VID TIDEN"
255,"خُسْرٍ","العصر (2)","هلاك","Förlust","إِنَّ الْإِنسَانَ لَفِي خُسْرٍ","är människans lott förlust"
256,"تَوَاصَوْا","العصر (3)","أوصى بعضهم","Råder varandra","وَتَوَاصَوْا بِالْحَقِّ","och som råder varandra att hålla fast vid sanningen"
257,"هُمَزَةٍ","الهمزة (1)","مغتاب","Smädare","وَيْلٌ لِّكُلِّ هُمَزَةٍ","VE OCH FÖRDÄRV över varje smädare"
258,"لُمَزَةٍ","الهمزة (1)","عياب","Baktalare","لِّكُلِّ هُمَزَةٍ لُّمَزَةٍ","varje smädare, varje baktalare"
259,"عَدَّدَهُ","الهمزة (2)","أحصاه","Räknar","جَمَعَ مَالًا وَعَدَّدَهُ","samlar rikedomar och räknar dem"
260,"أَخْلَدَهُ","الهمزة (3)","خلد ذكره","Odödlig","أَنَّ مَالَهُ أَخْلَدَهُ","att hans rikedom skall göra honom odödlig"
261,"الْحُطَمَةِ","الهمزة (4)","النار المحطمة","Krossaren","لَيُنبَذَنَّ فِي الْحُطَمَةِ","han skall sannerligen kastas i Krossaren"
262,"الْمُوقَدَةُ","الهمزة (6)","المشتعلة","Tänd","نَارُ اللَّهِ الْمُوقَدَةُ","Det är Guds eld, tänd [av Honom]"
263,"مُؤْصَدَةٌ","الهمزة (8)","مغلقة","Sluter sig","عَلَيْهِم مُّؤْصَدَةٌ","skall sluta sig omkring dem"
264,"عَمَدٍ","الهمزة (9)","أعمدة","Pelare","فِي عَمَدٍ مُّمَدَّدَةٍ","fastbundna vid höga pelare"
265,"تَضْلِيلٍ","الفيل (2)","إبطال وخسارة","Gick om intet","كَيْدَهُمْ فِي تَضْلِيلٍ","fick Han inte deras listiga planer att gå om intet"
266,"أَبَابِيلَ","الفيل (3)","جماعات","Svärmar","طَيْرًا أَبَابِيلَ","svärmar av fåglar"
267,"سِجِّيلٍ","الفيل (4)","طين متحجر","Bränd lera","بِحِجَارَةٍ مِّن سِجِّيلٍ","stenar av bränd lera"
268,"عَصْفٍ","الفيل (5)","زرع يابس","Uppätet strå","كَعَصْفٍ مَّأْكُولٍ","som liknade uppätna strån"
269,"إِيلَافِ","قريش (1)","اعتياد","Skydd / Vana","لِإِيلَافِ قُرَيْشٍ","TILL SKYDD för Quraysh"
270,"رِحْلَةَ","قريش (2)","سفر","Vinter- och sommarfärder","رِحْلَةَ الشِّتَاءِ وَالصَّيْفِ","under deras vinter- och sommarfärder"
271,"أَطْعَمَهُم","قريش (4)","رزقهم الطعام","Ger dem mat","الَّذِي أَطْعَمَهُم مِّن جُوعٍ","Han som ger dem mat i hungerns tid"
272,"يَدُعُّ","الماعون (2)","يدفع بقسوة","Stöter bort","فَذَٰلِكَ الَّذِي يَدُعُّ الْيَتِيمَ","Det är han som stöter bort den faderlöse"
273,"يَحُضُّ","الماعون (3)","يحث","Uppmanar","وَلَا يَحُضُّ عَلَىٰ طَعَامِ","och som inte uppmanar att ge den fattige mat"
274,"سَاهُونَ","الماعون (5)","غافلون","Försumliga","عَن صَلَاتِهِمْ سَاهُونَ","de som är försumliga med sin bön"
275,"الْمَاعُونَ","الماعون (7)","الشيء القليل","Det nödvändigaste","وَيَمْنَعُونَ الْمَاعُونَ","och vägrar även det nödvändigaste"
276,"الْكَوْثَرَ","الكوثر (1)","الخير الكثير","Det goda i överflöd","إِنَّا أَعْطَيْنَاكَ الْكَوْثَرَ","VI HAR sannerligen gett dig det goda i överflöd"
277,"انْحَرْ","الكوثر (2)","اذبح","Slakta","فَصَلِّ لِرَبِّكَ وَانْحَرْ","Be därför till din Herre och slakta [ditt offer]"
278,"شَانِئَكَ","الكوثر (3)","مبغضك","Den som hatar dig","إِنَّ شَانِئَكَ","Den som hatar dig"
279,"الْأَبْتَرُ","الكوثر (3)","المقطوع","Bortglömd","هُوَ الْأَبْتَرُ","är sannerligen den som skall bli bortglömd"
280,"الْكَافِرُونَ","الكافرون (1)","الجاحدون","Förnekarna","قُلْ يَا أَيُّهَا الْكَافِرُونَ","SÄG: Ni som förnekar sanningen"
281,"أَعْبُدُ","الكافرون (2)","أخضع وأذل","Dyrkar","لَا أَعْبُدُ مَا تَعْبُدُونَ","Jag dyrkar inte vad ni dyrkar"
282,"دِينُكُمْ","الكافرون (6)","شرككم","Er tro","لَكُمْ دِينُكُمْ","Ni har er tro"
283,"نَصْرُ","النصر (1)","عون","Hjälp","جَاءَ نَصْرُ اللَّهِ","Guds hjälp kommer"
284,"الْفَتْحُ","النصر (1)","فتح مكة","Segern","نَصْرُ اللَّهِ وَالْفَتْحُ","Guds hjälp kommer och segern"
285,"أَفْوَاجًا","النصر (2)","جماعات","I skaror","فِي دِينِ اللَّهِ أَفْوَاجًا","ansluta sig till Guds religion i skaror"
286,"تَبَّتْ","المسد (1)","خسرت","Förgås","تَبَّتْ يَدَا أَبِي لَهَبٍ","MÅ ABU LAHEB förgås"
287,"أَغْنَىٰ","المسد (2)","نفع ودفع","Hjälpa","مَا أَغْنَىٰ عَنْهُ مَالُهُ","Vad kan hans rikedom hjälpa honom"
288,"لَهَبٍ","المسد (3)","شعلة نار","Flammande","نَارًا ذَاتَ لَهَبٍ","en flammande eld"
289,"جِيدِهَا","المسد (5)","عنقها","Halsen","فِي جِيدِهَا","och om halsen"
290,"مَّسَدٍ","المسد (5)","ليف خشن","Tvinnade fibrer","حَبْلٌ مِّن مَّسَدٍ","ett rep av tvinnade fibrer"
291,"أَحَدٌ","الإخلاص (1)","واحد","Den Ende","قُلْ هُوَ اللَّهُ أَحَدٌ","SÄG: Han är Gud, den Ende"
292,"الصَّمَدُ","الإخلاص (2)","المقصود للحوائج","Den Evige","اللَّهُ الصَّمَدُ","Gud, den Evige"
293,"كُفُوًا","الإخلاص (4)","مماثلاً/نظيراً","Jämlike","وَلَمْ يَكُن لَّهُ كُفُوًا أَحَدٌ","och ingen finns som kan liknas vid Honom"
294,"الْفَلَقِ","الفلق (1)","الصبح","Gryningens","بِرَبِّ الْفَلَقِ","Gryningens Herre"
295,"غَاسِقٍ","الفلق (3)","ليل مظلم","Mörkret","وَمِن شَرِّ غَاسِقٍ","och mot det onda i mörkret"
296,"وَقَبَ","الفلق (3)","دخل ظلامه","Sänker sig","إِذَا وَقَبَ","när det sänker sig"
297,"النَّفَّاثَاتِ","الفلق (4)","الساحرات","De som blåser","وَمِن شَرِّ النَّفَّاثَاتِ","och mot det onda hos dem som blåser"
298,"الْعُقَدِ","الفلق (4)","ما يعقد للسحر","Knutar","فِي الْعُقَدِ","på knutar"
299,"الْخَنَّاسِ","الناس (4)","المختفي","Den som drar sig undan","الْوَسْوَاسِ الْخَنَّاسِ","viskaren som drar sig undan"
300,"الْجِنَّةِ","الناس (6)","الجن","Osynliga väsen","مِنَ الْجِنَّةِ وَالنَّاسِ","av osynliga väsen och människor"
